id,name,MassCRM Industries
806,-1,
1026,-,
1487,· Canada · 51-200 employees,
1098,09.19,
1217,10001 - undefined,
2149,1001 - 5000,
1096,11 - 50,
1258,1893 Illarsaz,
853,2 - 10,
852,201 - 500,
2151,5001 - 10000,
2152,501 - 1000,
850,51 - 200,
1990,7132 Hotel,Travel & Hospitality
895,Авиационная и авиакосмическая промышленность,Airlines/Aviation/Aerospace
691,Автоматизация производства,Manufacturing
709,Автомобильная промышленность,Automotive
1452,Автомобильный и железнодорожный транспор,Automotive
735,Автомобильный и железнодорожный транспорт,Automotive
2222,Агропромышленость,Farming
1144,Азартные игры и казино,Gambling
1059,Алкогольная продукция,Food & Beverages
2210,Аллюминий,Mining & Metals
1058,Анимация,Animation
1062,Архитектура и проектирование,Architecture & Planning
728,Банковское дело,Banking
872,Банковское и венчурное инвестирование,Banking
1046,Безопасность и расследования,Security
1094,Беспроводные технологии,Information Technology and Services
1385,Библиотечное дело,Libraries
1055,Биотехнологии,Biotechnology
748,Благотворительность,Civic & Social Organization
1455,Больницы и медико-санитарная помощ,Healthсare
693,Больницы и медико-санитарная помощь,Healthсare
1061,Бухгалтерский учёт,Finance/Fintech
741,Бытовая техника и электроника,Retail & E-Commerce
861,Венчурный и частный капитал,Finance/Fintech
871,Венчурный капитал,Finance/Fintech
1125,Ветеринария,Healthcare
711,Воздушный транспорт и авиалинии,Airlines/Aviation/Aerospace
1054,Вооружённые силы,Military
866,Высшее образование,Education Institutions
1141,Горнодобывающая и металлургическая промышленность,Mining & Metals
708,Гостиничное дело,Travel & Hospitality
1116,Государственная политика,Civic & Social Organization
727,Гражданские и общественные организации,Civic & Social Organization
833,Гражданское строительство,Construction
1113,Графический дизайн,Graphic Design
890,Двигателестроение и станкостроение,Manufacturing
707,Дизайнерское искусство,Design
2191,Дизайнерское исскуство,Design
703,Дистанционное обучение,E-Learning
2209,Дистрибьюция этикеток,Retail & E-Commerce
1143,Железнодорожная промышленность,Manufacturing
1384,Животноводство,Farming
2231,Журналистика,Newspapers/Magazines/Publishing
694,Защита прав потребителей,Civic & Social Organization
712,Здравоохранение и формирование здорового образа жизни,"Health, Wellness and Fitness"
1045,"Здравоохранение, здоровый образ жизни и фитнес","Health, Wellness and Fitness"
742,Земледелие и растениеводство,Farming
749,Издательское дело,Newspapers/Magazines/Publishing
1151,Изобразительное искусство,Arts and Crafts
1271,Импорт и экспорт,Logistics and Supply Chain
1449,Импорт и экспорт потребительских товаров,Consumer Goods
2220,Инвестиционно-банковская деятельность,Financial Services
2217,Инжиниринг,Consulting
848,Интерактивная публикация,Animation
1057,Интерактивные развлечения,Events Services
2197,Интернет магазин,Retail & E-Commerce
700,Интернет-медиа,Video & Multimedia
680,Интернет-технологии,Information Technology and Services
744,Информационные службы,Consumer Services
677,Информационные технологии и услуги,Information Technology and Services
2192,Информационный технологии и услуги,Information Technology and Services
1065,Исполнительные органы,Civic & Social Organization
856,Кадровое обеспечение и подбор персонала,Staffing and Recruiting
891,Кадровое сопровождение,Staffing and Recruiting
2189,капиталы,Finance/Fintech
1060,Кинематограф,Arts and Crafts
878,Коммерческая недвижимость,Real Estate
730,Коммунальные услуги,Utilities
701,Компьютерная и сетевая безопасность,Security
722,Компьютерная техника и комплектующие,Computer Hardware
858,Компьютерное сетевое оборудование,Computer Hardware
2186,Консалтинг,Consulting
873,Консалтинг в области управления,Consulting
1447,Корпоративная безопасность и расследования,Security
1498,Лёгкая промышленность,Manufacturing
1000,Лёгкая промышленность и индустрия моды,Apparel & Fashion
1387,Лесная и целлюлозно-бумажная промышленность,Manufacturing
1001,Литературный и редакторский труд,Newspapers/Magazines/Publishing
1048,Лоббирование бизнеса в государственных органах,Civic & Social Organization
2114,Логистика,Logistics and Supply Chain
745,Логистика и цепь поставок,Logistics and Supply Chain
2240,Маркетинг,Marketing and Advertising
686,Маркетинг и реклама,Marketing and Advertising
713,Маркетинговые исследования,Research
2206,Машиностроение,Automotive
704,Машиностроение и производственная инженерия,Automotive
726,Мебельная промышленность,Manufacturing
699,Медиапроизводство,Video & Multimedia
2219,Медицина,Healthcare
1070,Медицинская практика,Healthcare
1002,Медицинская техника,Healthcare
690,Медицинское оборудование,Healthcare
2233,Медоводство,Farming
1071,Международная торговля и развитие,Retail & E-Commerce
740,Международное сотрудничество и развитие,Logistics and Supply Chain
1111,Международные отношения,Consulting
1122,Места и услуги для организации отдыха,Events Services
739,Молочная промышленность,Dairy
729,Морской и речной транспорт,Automotive
1453,Музейное дело и охрана объектов культурного наследия,Arts and Crafts
2229,Музыка,Arts and Crafts
1104,Музыкальное искусство,Arts and Crafts
1017,Нанотехнологии,Electrical/Electronic Manufacturing
738,Научно-исследовательская деятельность,Research
1454,Научно-исследовательские центры,Research
1118,Национальная безопасность,Military
851,Недвижимость,Real Estate
692,Нефтяная и энергетическая промышленность,Oil & Energy
747,Оборонные и космические технологии,Airlines/Aviation/Aerospace
2196,Образование,Education Institutions
1052,Образовательное учреждение,Education Institutions
1121,Обслуживание офисного и промышленного оборудования,Business Supplies and Equipment
2228,Обучение персонала,Staffing and Recruiting
732,Оптовая торговля,	Wholesale
1114,Основное/дополнительное,
1136,Отдых и путешествия,Travel & Hospitality
1120,Офисные принадлежности и оборудование,Business Supplies and Equipment
736,Охрана окружающей среды,Security
1053,Охрана психического здоровья,Healthcare
1101,Парфюмерно-косметическая промышленность,Cosmetics
1140,Перевод и локализация,Consulting
1049,Печатное дело,Newspapers/Magazines/Publishing
731,Пищевая промышленность,Food Production
1448,Полимерная промышленность,Manufacturing
723,Политические организации и объединения,Civic & Social Organization
1044,Полупроводниковые технологии,Manufacturing
863,Потребительские товары,Consumer Goods
725,Правительственная администрация,Military
1117,Правоохранительные органы,Military
1137,Пресса,Newspapers/Magazines/Publishing
1105,Привлечение внешних источников в деятельности предприятий,Financial Services
2242,Привлечение клиентов,Marketing and Advertising
1123,Привлечение средств,Financial Services
1069,Проведение некоммерческих проектов,Events Services
734,Проведение праздников и мероприятий,Events Services
678,Программное обеспечение,Computer Software
2200,Програмное обеспечение,Computer Software
2211,Производство,Manufacturing
2190,Производство сварочного оборудования,Manufacturing
2241,Промышленный консалтинг,Consulting
2193,Промышленость,Manufacturing
877,Профессиональное обучение,Education Institutions
865,Профессиональное обучение и повышение квалификации кадров,Education Institutions
1450,профсоюз,Civic & Social Organization
696,"Путешествия, туризм и досуг",Travel & Hospitality
689,Развлечения,Sports
1126,Религиозные организации,Religious Institutions
697,Ресторанное дело,Food & Beverages
714,Розничная торговля,Consumer Goods
2120,Розничная торговля потребительскими товарами,Consumer Goods
855,Рынки капитала,Financial Services
1442,Связи и взаимодействие с общественностью,Civic & Social Organization
1047,Связи с общественностью,Civic & Social Organization
2184,Создание лидеров(?),Staffing and Recruiting
889,Спорт,Sports
1018,Спортивные товары,Sports
1463,"Стекольная, керамическая и бетонная промышленность",Manufacturing
746,Страхование,Insurance
737,Строительные материалы,Construction
2232,Строительный консалтинг,Consulting
710,Строительство,Construction
1386,Судостроение,Automotive
831,Судоходство,Automotive
2039,СINTONA Ltd.,
1142,Табачная промышленность,Manufacturing
2137,Театральное искусство,Arts and Crafts
1446,Текстильная промышленност,Manufacturing
1135,Текстильная промышленность,Manufacturing
687,Телевидение и радио,Telecommunications
1051,Телевидение и радио,Telecommunications
2212,Телевиденье,Telecommunications
2195,телекоммуникаци,Telecommunications
685,Телекоммуникации,Telecommunications
695,Торговля продуктами питания,Food & Beverages
2201,Туризм,Travel & Hospitality
1100,Упаковка и контейнеры,Logistics and Supply Chain
1063,Упаковочная промышленность,Manufacturing
724,Управление активами и инвестициями,Financial Services
875,Управление некоммерческими организациями,Civic & Social Organization
706,Управление образованием,Education Institutions
2235,Услуги страхования,Insurance
743,Фармацевтическая промышленность,Chemicals
2208,Финансовы улуги,Financial Services
688,Финансовые услуги,Financial Services
1124,Фотографическое искусство,Arts and Crafts
832,Химическая промышленность,Chemicals
1247,Швейцария,
2117,Экология,Oil & Energy
705,Экология производства и возобновляемая энергетика,Oil & Energy
702,Электрооборудование и электроника,Electrical/Electronic Manufacturing
2203,Энергетика,Oil & Energy
1127,Ювелирная промышленность,Jewelry
733,Юридическая практика,Legal Services
1050,Юридические услуги,Legal Services
1514,A. Steffen AG,
1503,AAA COMMUNICATION EUROPE AG,
1955,ABB,
1390,"Abidjan, Lagunes ?",
1626,Abrantix AG,
2202,"Abu Dhabi, United Arab Emirates",
2089,acasa Suites,
1832,Accarda AG,
1959,Accenture,
1836,Accenture AG,
661,Accounting,Financial Services
907,accounting,Financial Services
1027,"Accounting,consalting,IT and trade",Consulting
2038,Accurity,
1789,acentix,
1947,acommit.ch,
1522,Action-One AG,
931,Activities of employment agencies,Staffing and Recruiting
922,Activities of other membership organizations,Civic & Social Organization
1504,AD Immobilien GmbH,
2027,addvanto AG,
1655,adesso Schweiz AG,
1788,adet.ch,
2036,AdNovum,
1095,Adtech/Martech,
1824,AdUnit AG,
1538,Advance – Women in Swiss Business,
2096,ADVANIS Ltd - experience CRM,
1985,Advanzia Bank S.A.,
1618,adverserve digital advertising services GmbH,Marketing and Advertising
1768,Advertima,Marketing and Advertising
906,Advertising,Marketing and Advertising
914,Advertising agencies,Marketing and Advertising
973,Advertising services,Marketing and Advertising
1890,AgaNola AG,
1695,AGCO Corporation,
1274,Agtech,
1299,AI/Machine Learing,Information Technology and Services
1287,AI/Machine Learning,Information Technology and Services
1279,AI/ML,
1838,AIM Software,
1296,AIML,
784,Airlines/Aviation,Airlines/Aviation/Aerospace
1365,Airlines/Luftfahrt,Airlines/Aviation/Aerospace
2056,AkzoNobel,
2179,"Albavilla, Lombardia",
1600,Alegri AG,
1184,"Alexion Pharmaceuticals, Inc.",
1575,Allegro Development Corp.,
2015,Allfunds Bank S.A.,
1927,Allianz,
1740,Allianz Partners,
2073,allink,
1500,Allthings,Consumer Goods
1656,Alpiq AG,
2092,ALSO Group,
1529,Alstom Power,
1031,Alternative Dispute Resolution,Legal Services
835,Alternative Medicine,Healthсare
1896,Amcor,
1700,Amcor Specialty Cartons – Amcor,
1735,Amgen,
1934,Ampard Ltd,
1513,Ampegon,
1173,Amplitude Capital,
1527,AMR Trading AG,
2154,Analytics,Research
2103,Anandic Medical Systems AG,
2181,Andernach,
1693,André Koch AG,
1686,ANDRITZ Soutec AG,
994,Animals,Farming
809,Animation,Animation
1334,Anlagenplanung und Softwareentwicklung,Computer Software
1568,APAG Elektronik,
760,Apparel & Fashion,Apparel & Fashion
1440,Applications and software (Main category) consulting Services,Computer Software
1531,Appway,
1902,appway,
1952,APSOparts AG,
1291,AR/VR,
1209,Archilogic AG,
908,Architectural,Architecture & Planning
717,Architecture & Planning,Architecture & Planning
1352,Architektur & Planung,Architecture & Planning
1777,Architonic,
1915,ARCUARD HERITAGE,
2055,Arendi AG,
1661,Arnold Magnetic Technologies,
1724,Arpage,
926,Art,Arts and Crafts
2011,Art of Technology AG,Arts and Crafts
1567,artiazza GmbH,
970,Arts & Crafts,Arts and Crafts
672,Arts and Crafts,Arts and Crafts
1378,Arts and Entertainment,Arts and Crafts
1813,Arviem AG,
2014,ARYZTA,
1909,AS infotrack AG,
1731,Asahi Europe Ltd,
1842,Ascaion,
1996,asia365,
2019,AskMeWhy AG,
1774,Aspectra AG,
1961,ASSA ABLOY,
2150,Astaro,
1672,Atfront AG,
2136,Athens,
2174,"Athens, Attica",
1676,Atos,
1251,Aubonne / Zürich,
1621,Aurigon Advisors AG,
1037,Austria,
2054,Autexis Holding AG,
904,Automation,Manufacturing
978,Automotiv,Automotive
670,Automotive,Automotive
897,automotive,Automotive
905,Automotive industry,Automotive
1851,Autoneum,Automotive
1697,Avaloq,
1897,Avantama AG,
1859,AVANTEC AG,
1613,Avenir Group AG,
1986,Aventit AG,
1024,Aviation,Airlines/Aviation/Aerospace
668,Aviation & Aerospace,Airlines/Aviation/Aerospace
1404,Aviation and aerospace industry,Airlines/Aviation/Aerospace
1769,AWK Group,
1870,axeed AG,
2049,Axetris AG,
1830,Axians redtoo AG,
1668,AXIOM Consulting GmbH,
1715,Axon Fintech,
1900,Axpo Group,
1521,Axpo Trading,
1921,Ayaltis,
1980,AZ Medien AG,
1782,b.telligent,
1869,Baader Bank AG,
2050,Balgrist Beteiligungs AG,
1937,Bank J. Safra Sarasin Ltd,
1678,BANK-now,
622,Banking,Banking
1023,banking,Banking
898,Bankwesen,Banking
1242,Based Geneva,
1038,Basel,
1241,"Basel Area, Switzerland",
1239,"Basel und Umgebung, Schweiz",
1349,Bauingenieurwesen,Construction
1336,Baumaterialien,Construction
1305,Baustoffe,Construction
1580,BCSNET,
1040,Bearings & Power Transmission Division,Electrical/Electronic Manufacturing
1269,"Beijing City, China",
1233,"Bellevue, Canton of Geneva, Switzerland",
1260,"Bellevue, Switzerland",
1486,BelVan Construction,
883,Bergbau & Metalle,Mining & Metals
857,Bergen,
2115,BERLIN hotels,Travel & Hospitality
1692,BETAG Innovation,
2010,beyou.media,
1999,Bibliotheken,Libraries
1330,Bildungsmanagement,Education Institutions
1755,Biogen,Biotechnology
1805,Biognosys AG,
1738,BioID GmbH,
915,Biotech,Biotechnology
849,Biotech/Health,Biotechnology
1106,BIotech/Health,Biotechnology
1301,biotech/Health,Biotechnology
899,Biotechnologien,Biotechnology
618,Biotechnology,Biotechnology
919,biotechnology,Biotechnology
1625,BIOTRONIK,
1524,bird GmbH,
1812,Bisnode D&B Switzerland Ltd.,
1569,Bitcoin Suisse AG,
1795,BitterStrawberry,
1854,bitvoodoo ag,
1734,BIZZEPS,
1528,BlackRock,
1107,Blockchain,	Finance/Fintech
2097,BlueCare AG,
1649,Bossard Group,
2044,Bote der Urschweiz AG,
1180,Brain AG,
1853,BRAINFORCE Switzerland,
1705,Brainloop,
1507,Brasidas Group AG,
1825,BRAVOCOMPANY Ltd,
1511,BRD,
2138,Brisbane,
755,Broadcast Media,
1432,Brokers,Financial Services
1893,BS PAYONE GmbH,
1892,btc.jost AG,
1321,Buchhaltung,Financial Services
1765,Bühler Group,
2226,"build cameras that can detect electrons, ions, photons, neutrons etc...",Electrical/Electronic Manufacturing
937,Building,Construction
636,Building Materials,Construction
987,Building materials,Construction
984,Building services,Construction
1074,Business,Business Supplies and Equipment
892,Business Supplies & Equipment,Business Supplies and Equipment
805,Business Supplies and Equipment,Business Supplies and Equipment
1574,bv Software Services Corp,
1972,BznsBuilder,
1523,Cabot Corporation,
1534,CALIDA AG,
1502,Candrian Catering AG,
1289,Cannabis,
1687,Capital Group | Europe,
765,Capital Markets,
2052,Carpathia AG,
1914,CCS Group,
1607,Celeroton AG,
1835,censhare,Newspapers/Magazines/Publishing
2072,Central Plaza Hotel Zurich,
1549,Centralis Group,
1264,Centre d'Affaires Préverenges,
968,"Chemical industry, products",Chemicals
985,Chemical manufacturing,Chemicals
649,Chemicals,Chemicals
1029,Chemieprodukte,Chemicals
1466,"Chesterfield, Derbyshire, United Kingdom",
1478,Christchurch,Religious Institutions
1182,ChromaCon AG,
1129,CISA,
754,Civic & Social Organization,Civic & Social Organization
925,civic organization,Civic & Social Organization
653,Civil Engineering,Civic & Social Organization
1403,Civil engineering,Civic & Social Organization
1284,Cleantech,Consumer Services
1496,Cloud&Heat Technologies,Information Technology and Services
2111,Coca-Cola Hellenic Bottling Company,
2091,codename AG,
1802,Codit Switzerland AG,
1746,Cognism,
1725,collabcom,
1156,college,Education Institutions
1585,Comerge AG,
654,Commercial Real Estate,Retail & E-Commerce
1787,COMPAREX,
1932,Compass Security AG,
650,Computer & Network Security,Security
1406,Computer and network security,Security
643,Computer Games,Gambling
920,Computer games,Gambling
781,Computer Hardware,Computer Hardware
1456,Computer Network,Information Technology and Services
767,Computer Networking,Information Technology and Services
955,Computer Softwar,Computer Software
626,Computer Software,Computer Software
2218,Computer software,Computer Software
1108,Computer- und Netzwerksicherheit,Computer Software
1032,Computer-Software,Computer Software
1319,Computernetzwerke,Information Technology and Services
927,Computers,Computer Hardware
972,Computers and software,Computer Software
1312,Computerspiele,Computer Software
1905,Condair Group,
1750,Connectors Verbindungstechnik AG,
1212,Constellium,
790,Construction,Construction
949,construction,Construction
967,Construction services,Construction
964,Consulting,Consulting
954,Consulting services,Consulting
791,Consumer Electronics,Computer Hardware
2216,consumer electronics,Computer Hardware
1434,Consumer Good,Consumer Goods
766,Consumer Goods,Consumer Goods
1415,Consumer goods,Consumer Goods
947,consumer goods and services,Consumer Goods
1145,Consumer Internet,Information Technology and Services
676,Consumer Services,Consumer Services
971,"Cosmetic, parfumery",Cosmetics
774,Cosmetics,Cosmetics
1564,Cosswiss AG,
1717,Coutts,
1776,Creoptix,
1632,CRESOFT AG,
1808,CRIF AG,
1942,Crimson Consulting,Consulting
1255,Crissier,
1016,"Cromwell, Connecticut",
1605,crowdhouse.ch,
1130,CSO,
1987,CT Cinetrade AG,
1208,CtrlMovie,
2082,Curtiss-Wright Corporation,
2158,Customer Service,Consumer Services
1099,Cybersecurity,Security
1855,dacadoo,
630,Dairy,Dairy
2215,dairy,Dairy
1012,dan_caron,
1464,DanielZeevi,
1102,Data/Analytics,Financial Services
1297,Data/Anlalytics,Financial Services
1726,Datatrans AG,
1658,Datwyler Group,
1437,Debt collection agencies,Financial Services
1862,DECTRIS Ltd.,
1286,Deeptech,
758,Defense & Space,Airlines/Aviation/Aerospace
1139,Defense and space technology,Airlines/Aviation/Aerospace
1907,DEKOM (Switzerland) AG,
2140,Delivery,Logistics and Supply Chain
1590,Demiurge Technologies AG,
2121,Department of Defence of Australia,Military
1560,DER Touristik Suisse AG,
1015,"Des Moines, Iowa Area",
770,Design,Design
948,design and construction,Design
1414,Design art,Design
990,Designing,Design
1041,DETAIL AG,
1977,Detecon (Schweiz) AG,
1272,Dev,Computer Software
944,Development of building projects,Architecture & Planning
1647,DEVEN9,
1285,DevOps,Information Technology and Services
1675,DFRC AG,
1884,Diamantbohr Gruppe,
1367,Dienstleistungen für Konsumenten,Consumer Services
1657,Dino's Digital Art Shop,
1690,Dinotronic AG,
2099,Diplomero AG,
2163,Diversity & Inclusion,Consumer Goods
2061,DMD²,
1843,DMG MORI Schweiz AG,
2107,DOLPHIN Systems AG,
1971,dormakaba,
1468,"Dortmund Area, Germany",
1013,DougRoyer,
879,"Dover, Delaware Area",
1011,"Dover, New Hampshire",
1790,DQ&A,
1213,"Dribba, the mobile agency.",
1362,Drucken,
1186,duagon AG,
1235,"Dubai, United Arab Emirates",
1088,ducation Management,Education Institutions
1376,dux,
1650,DYNOVO AG,
1077,E-learnin,E-Learning
753,E-Learning,E-Learning
801,E-learning,E-Learning
2169,E-Learning   Athens,E-Learning
1561,E-Leather Ltd,E-Learning
1191,e-switch Solutions AG,
1620,e3 AG,
1873,eBay,Retail & E-Commerce
1644,ec4u expert consulting ag,
1520,Ecolab,
1090,ecreational Facilities & Services,Travel & Hospitality
2025,Edelweiss Air AG,
1874,edorasware ag,
1278,Edtech,E-Learning
932,education,Education Institutions
956,Education,Education Institutions
645,Education Management,Education Institutions
1405,Education management,Education Institutions
1076,Education Management ·,Education Institutions
764,Educational Institution,Education Institutions
1433,Eduction,Education Institutions
1515,EF Education First,Education Institutions
1175,EIC Partners AG,
1322,Einzelhandel,Retail & E-Commerce
1369,Eisenbahnherstellung,Manufacturing
910,Electrical,Electrical/Electronic Manufacturing
789,Electrical & Electronic Manufacturing,Electrical/Electronic Manufacturing
1419,Electrical equipment and electronics,Electrical/Electronic Manufacturing
623,Electrical/Electronic Manufacturing,Electrical/Electronic Manufacturing
1022,electrical/electronic manufacturing,Electrical/Electronic Manufacturing
1939,ElectricFeel AG,Electrical/Electronic Manufacturing
1192,Elektrizitätswerke des Kantons Zürich,Electrical/Electronic Manufacturing
1034,Elektro- und Elektronikfertigung,Electrical/Electronic Manufacturing
1030,Elektrotechnische/Elektronische Herstellung,Electrical/Electronic Manufacturing
2040,ELiNTER AG - ELiNTER Vertriebs GmbH,
1610,elipsLife,
1169,Embotech,
1202,Emerson,
1014,EmesPrez,
1967,Emmi Schweiz AG,
1759,Emotiq,
962,Energetics,Oil & Energy
1451,Energy,Oil & Energy
1624,Energy Gruppe Schweiz,Oil & Energy
2098,ENGIE Services AG,
1457,Engine and Machine Tool Building,Automotive
1459,Engine and machine tool industry,Automotive
1417,Engine and machine tools,Automotive
935,Engineering,Manufacturing
945,engineering,Manufacturing
966,Engineering networks,Manufacturing
981,engineering networks,Manufacturing
1429,Engineering or production engineering,Manufacturing
1982,Enkom,
1886,ensec AG,
1091,Enterprise,Retail & E-Commerce
1097,ENterprise,Retail & E-Commerce
1131,Enterprise software development,Information Technology and Services
1276,Enterprising,Retail & E-Commerce
750,Entertainment,"Health, Wellness and Fitness"
2155,Entrepreneurship,Retail & E-Commerce
652,Environmental Services,Consumer Services
1254,EPFL,
1499,EPFL Innovation Park,
1749,Equidato Technologies,
976,Equipment,Business Supplies and Equipment
1664,Ergon Informatik AG,
1532,Ergonomics AG,
1306,Erneuerbare Energien & Umwelt,	Oil & Energy
1809,ESRI Schweiz AG,
1815,Estee Lauder Companies Europe,
1770,esteelauder,
930,Esurance,	Insurance
1981,ETH Zurich,
1160,ETH-Bibliothek,
1226,"Etoy, Switzerland",
1481,"Etterbeek, Bruxelles",
1371,Ettlingen,
2102,Eurapco,
1806,Eurebis AG,
912,Event,Events Services
1383,Event Services & Productions,Events Services
2081,Eventrix AG,
1361,Events Dienstleistungen,Events Services
1501,Events Service,Events Services
719,Events Services,Events Services
2199,events services,Events Services
1669,Exclusive Networks Switzerland AG,
799,Executive Office,Information Technology and Services
2001,Exentis Group AG,
961,Exhibitions,Arts and Crafts
983,Export,Logistics and Supply Chain
1679,EyeFitU,
1265,Eysins,
1243,"Eysins, Canton de Vaud, Suisse",
657,Facilities Services,Information Technology and Services
823,Farming,Farming
1493,Fashwell,
1762,FileWave,
2230,Finance,Financial Services
1133,Financial Planning,Financial Services
1147,Financial Service,Financial Services
1089,Financial Serviceс,Financial Services
625,Financial Services,Financial Services
940,financial services,Financial Services
1395,Financial services,Financial Services
888,Finanzdienstleistungen,Financial Services
830,Fine Art,Arts and Crafts
847,Fintech,Finance/Fintech
1290,FIntech,Finance/Fintech
1792,Firmenich,Finance/Fintech
1834,first frame networkers ag,
1936,Fisch Asset Management,
816,Fishery,
2078,FLARM Technology Ltd.,
1491,flatev ag,
923,Food,Food & Beverages
655,Food & Beverages,Food & Beverages
2198,food & beverages,Food & Beverages
667,Food Production,Food & Beverages
996,Food stores,Food & Beverages
1273,Foodtech,Food Production
1315,Forschung,Research
2176,Fotografie,Arts and Crafts
2112,France,
1551,Franke,
1476,Fredericton | Saint John,
1480,Frederiksberg,
1332,"Freizeit, Reisen und Tourismus",Travel & Hospitality
1699,frock GmbH,
1494,Frontify,
1811,FS Parker,
1973,FS-ISAC,
777,Fund-Raising,
1630,Fundamenta Group (Schweiz) AG,
952,Fundraising,Financial Services
721,Furniture,Manufacturing
2207,furniture,Manufacturing
992,Furniture (manufacture),Manufacturing
969,Furniture (manufacturing),Manufacturing
993,Furniture (trade),Retail & E-Commerce
1470,Furniture industry,Manufacturing
1737,futureLAB AG,
1465,G9MD,
1683,GAM,
1984,GAMBIT Consulting GmbH,
627,Gambling & Casinos,Gambling
1393,Gambling and casinos,Gambling
1283,Gaming,Gambling
2003,Garaventa Lift,
1431,Garner,
988,Gas equipment,Manufacturing
1310,Gastfreundschaft,Travel & Hospitality
1899,gateB,
1924,gategroup,
1852,GE Power,
1799,GE Renewable Energy,
1221,Gebäudedienstleistungen,Construction
1856,Geistlich Pharma AG,
1223,"Geneva Area, Switzerland",
1706,Geobrugg AG,
1627,Geocloud AG,
2058,Georg Fischer,
1917,GES International AB,
1807,Geschenkidee.ch GmbH,
1109,"Gesundheit, Wellness und Fitness","Health, Wellness and Fitness"
1720,getunik AG,
2147,Gewerbeimmobilien,Real Estate
1563,GfK,
1923,GfK Switzerland AG,
1671,Gherzi Textil Organisation,
1593,GIANTS Software,
1525,Givaudan,
1359,"Glas, Keramik und Beton",Manufacturing
846,Glass  Ceramics & Concrete,Manufacturing
822,"Glass, Ceramics & Concrete",Manufacturing
1689,GN Hearing A/S,
1614,Go Beyond Investing,
2086,GoEat - Your food guru,
1839,Gold Standard,
2030,Goldbach Audience (Switzerland) AG,
2065,Goldbach Media (Switzerland) AG,
635,Government Administration,Civic & Social Organization
1398,Government administration,Civic & Social Organization
807,Government Relations,Civic & Social Organization
1300,GovTech,Information Technology and Services
1356,Grafikdesign,Graphic Design
1172,Grant Thornton Schweiz,
787,Graphic Design,Graphic Design
998,Graphics design,Graphic Design
2023,Greater Zurich Area,
2133,Greece,
1748,greenmatch AG,
1281,GreenTech,
1343,Großhandel,
1983,Guidle AG,
1586,GULP Schweiz AG,
1941,Haelok AG,
1220,Halbleiter,
1565,Hammer Team,
2172,"Hartford, Connecticut",
2170,"Hartford, Connecticut Area",
2171,"Harvard, Massachusetts",
2167,"Health	""	""	Health",Healthсare
845,Health  Wellness and Fitness,"Health, Wellness and Fitness"
2118,Health insurance,Insurance
1399,"Health, healthy lifestyle and fitness","Health, Wellness and Fitness"
1444,"Health, Wellness","Health, Wellness and Fitness"
1086,"Health, Wellness & Fitnes","Health, Wellness and Fitness"
800,"Health, Wellness & Fitness","Health, Wellness and Fitness"
2139,"Health, Wellness and Fitnes","Health, Wellness and Fitness"
716,"Health, Wellness and Fitness","Health, Wellness and Fitness"
1485,Health. Wellness and Fitness,"Health, Wellness and Fitness"
1441,healthcare,Healthсare
982,Heating equipment,Healthсare
1595,HeiQ,
1366,Helsinki,
1066,"Henderson, Nevada",
2076,HEYLIFE,
683,Higher Education,Education Institutions
1402,higher education,Education Institutions
1420,Higher education,Education Institutions
1879,Hinderling Volkart AG,
1363,Hochschulausbildung,Education Institutions
2032,Hollister Incorporated,
1637,Honeywell,
1636,Horizon21 AG,
1010,Hospital,Healthсare
660,Hospital & Health Care,Healthсare
1020,hospital & health care,Healthсare
632,Hospitality,Healthсare
1148,Hospitals and health care,Healthсare
1392,Hospitals and Health Care,Healthсare
943,Hosting,Travel & Hospitality
1381,Hotel,Travel & Hospitality
1150,Hotel business,Travel & Hospitality
1570,Hotel Schweizerhof Zürich,Travel & Hospitality
1597,Hotz Brand Consultants,
1742,Huawei Technologies,
1960,HUBER+SUHNER,
619,Human Resources,Staffing and Recruiting
2119,Human Resources?,Staffing and Recruiting
1326,Humanressourcen,Staffing and Recruiting
1918,Humbel Zahnräder AG,
2094,HypoPlus,
1880,IAP Investment & Trust Services AG,
1798,ICON Worldwide AG,
1894,ICTS Europe,
2012,igeeks AG,
1779,II-VI Laser Enterprise,
1736,ILAG Industrielack AG,
1579,ilhelm Schmidlin AG,
2135,Ilioúpolis,
1189,Imaging Solutions AG,
2068,IMI CCI,
1338,Immobilien,Real Estate
1559,Implenia,
991,Import,Consumer Goods
837,Import & Export,Logistics and Supply Chain
778,Import and Export,Logistics and Supply Chain
2100,IMT Masken und Teilungen AG,
1552,In&Out AG,
2159,"Inc.""",
1975,Independent Capital Group AG,
826,Individual & Family Services,Consumer Services
1320,Individuelle & Familiendienstleistungen,Consumer Services
1092,Industrial,Manufacturing
615,Industrial Automation,Manufacturing
1021,industrial automation,Manufacturing
1303,Industrieautomation,Manufacturing
1784,Infinigate Group,
1822,Infocentric Research AG,
1878,infoniqa.ch,
1616,Information Factory,Information Technology and Services
662,Information Services,Information Technology and Services
869,Information services,Information Technology and Services
1426,information technologies and services,Information Technology and Services
1004,Information Technology,Information Technology and Services
1028,Information Technology & Service,Information Technology and Services
771,Information Technology & Services,Information Technology and Services
2221,information technology & services,Information Technology and Services
859,Information Technology and Service,Information Technology and Services
617,Information Technology and Services,Information Technology and Services
862,information technology and services,Information Technology and Services
880,Information technology and services,Information Technology and Services
1327,Informationsdienste,Information Technology and Services
2116,Informationstechnologie,Information Technology and Services
885,Informationstechnologie und Dienstleistungen,Information Technology and Services
1608,ingier Axel Springer Schweiz AG,
1252,Innovation Park EPFL,
629,Insurance,Insurance
902,insurance,Insurance
1214,Insurtech,Insurance
2164,Integration,Information Technology and Services
1206,Interbrand,Financial Services
797,International Affairs,Financial Services
1557,International Credit Brokers Alliance,Financial Services
2020,International Radio Festival,Arts and Crafts
1591,International School of Zug and Luzern,
1079,International Trade,Financial Services
2205,International Trade & Developmen,Information Technology and Services
793,International Trade & Development,Information Technology and Services
785,International Trade and Development,Information Technology and Services
2145,Internationale Angelegenheiten,Financial Services
1346,Internationaler Handel und Entwicklung,Financial Services
634,Internet,Information Technology and Services
1408,Internet media,Video & Multimedia
1427,Internet technologies,Information Technology and Services
1087,InternetInformation Technology & Services,Information Technology and Services
1554,Interprefy AG,
1628,INTRASOFT AG,
1638,IntrepidAnalytics,
1193,Intrum,
1752,Inveos GmbH,
986,Investing activities,Financial Services
1331,Investitionsmanagement,Financial Services
776,Investment Banking,Banking
874,Investment Banking/Venture,Banking
720,Investment Management,Financial Services
1989,IPsoft,
1761,Iron Mountain,
1741,Iselasticum Services Ltd.,
1652,Iskraemeco Energy Measurement,
1081,IT,Information Technology and Services
2160,IT Management,Information Technology and Services
1920,itarle AG,
1844,itnetX AG,
2088,ITPC AG,
1572,ITRIS Enterprise AG,
1722,ITRIS Informatik AG,
1665,iundf.ch,
1483,"Ixelles, bruxelles",
1931,J.P. Morgan Asset Management,
1064,JD_Oder_II,
1162,JES GmbH,
1976,JevoTrust Management AG,
1119,JIRA,
841,Judiciary,
1178,Julius Baer,
1753,Jumbo Markt AG,
2047,Jung von Matt/Limmat,
1953,Kägi Söhne AG,
1211,Kameha Grand Zurich,
1833,Kanohi GmbH,
1159,Katara Hospitality,
2071,KERLUXE,
2042,KeyCDN,
1606,keyon AG,
1773,KEYTRADE AG,
1019,"Khalándrion, Attiki",
1190,Kieser Training AG,
1068,KimmyErlandsson,
1592,Kimoto LTD Europe,
1368,Kleidung & Mode,Apparel & Fashion
2079,Knauf Insulation,
1800,Knowledge Expert,Education Institutions
1445,Kommunikation und Werbung,Marketing and Advertising
1718,KompiTech,
1318,Konstruktion,Construction
1337,Konsumgüter,Consumer Goods
1067,kooshdog,
1714,KOPRON,
1344,Kosmetik,	Cosmetics
1482,Kowloon Tong,
1177,KPMG Switzerland,
1536,Kubo Gruppe,
1073,kumarsumit1026,
1876,Kundisch GmbH,
2143,Kunst,Arts and Crafts
1542,Kunststoff Schwanden AG,
1328,Kunststoffe,Manufacturing
1965,Kuoni Global Travel Services,
1596,Kx Systems,
1925,KYOCERA Document Solutions Schweiz,
1747,LafargeHolcim,
1339,Landwirtschaft,Food Production
1682,LARI,
2134,"Las Vegas, Nevada",
1083,Lausanne,
1268,Lausanne - Geneva,
1270,"Lausanne and Neuchatel Area, Switzerland",
1219,"Lausanne Area, Switzerland",
1244,"Lausanne, Canton de Vaud, Suisse",
1249,"Lausanne, Canton of Vaud, Switzerland",
1227,"Lausanne, Switzerland",
834,Law Enforcement,Legal Services
674,Law Practice,Legal Services
1196,Lawoon,
1171,LEAD energy AG,
2157,Leadership,Staffing and Recruiting
1516,Lean Projects AG,
1622,leancom,
1372,Lebensmittel & Getränke,Food & Beverages
1035,Lebensmittelproduktion,Food Production
1416,Legal practice,Legal Services
679,Legal Services,Legal Services
916,Legal services,Legal Services
2188,legal services,Legal Services
1282,Legaltech,Legal Services
1298,LegalTech,Legal Services
903,Legislative Office,Legal Services
772,Leisure  Travel & Tourism,Travel & Hospitality
843,Leisure & Travel,Travel & Hospitality
698,"Leisure, Travel & Tourism",Travel & Hospitality
1484,Leisure. Travel & Tourism,Travel & Hospitality
2008,lemonfrog,
1207,lemonfrog.ch/,
1158,Leonteq,
2067,Leuze electronic AG,
1968,LGT – Private Banking und Asset Management,
864,Libraries,Libraries
1587,Liebherr Export AG,
1938,Liebherr Group,
1275,Lifestyle,
2035,"LifeWatch Services, Inc.",
1471,Light industry and fashion industry,Apparel & Fashion
1438,"Limerick, munster",
1553,LIMEYARD,
1535,limmatrecords,
1617,LIONSTEP,
2148,"LLC""",
1846,Loepfe Brothers Ltd.,
881,Logistics & Supply,Logistics and Supply Chain
1469,Logistics & Supply Chai,Logistics and Supply Chain
836,Logistics & Supply Chain,Logistics and Supply Chain
616,Logistics and Supply Chain,Logistics and Supply Chain
1157,Logistik und Versorgungskette,Logistics and Supply Chain
1388,Louisburg,
1210,lro Steel Corporation,
1883,Ludicious - Zürich Game Festival,
1324,Luft- und Raumfahrt,Airlines/Aviation/Aerospace
1562,Lufthansa Systems,
2004,Lumentum,
1887,Luxoft,
1467,Luxury Goods & Jewelr,Jewelry
762,Luxury Goods & Jewelry,Jewelry
1355,Luxusgüter & Schmuck,Jewelry
1181,Maag Pump Systems AG,
780,Machinery,Automotive
2007,makora,
1988,MAMMUT Sports Group AG,
1461,Management,Marketing and Advertising
941,management activities,Marketing and Advertising
1827,Management ad interim,Marketing and Advertising
671,Management Consulting,Marketing and Advertising
1379,management consulting,Marketing and Advertising
1409,Management consulting,Marketing and Advertising
1421,Management of education,Education Institutions
1407,Management of non-profit organizations,Marketing and Advertising
1350,Management von Nonprofit Organisationen,Marketing and Advertising
1401,Managing Nonprofits,Marketing and Advertising
1744,Manroof GmbH,
1764,Mantel Digital AG,
909,Manufacture,Manufacturing
918,manufacture,Manufacturing
953,manufacturing,Manufacturing
960,Manufacturing,Manufacturing
921,Marine aquaculture,Farming
1204,Marionnaud Switzerland,
759,Maritime,
2213,maritime,
666,Market Research,	Research
2234,market research,Research
788,Marketing & Advertising,Marketing and Advertising
624,Marketing and Advertising,Marketing and Advertising
1400,Marketing and advertising,Marketing and Advertising
1307,Marketing und Werbung,Marketing and Advertising
1311,Marktforschung,Research
1760,Marktgasse Hotel,
886,Maschinen,Automotive
882,Maschinenbau oder Industrietechnik,Automotive
2063,MCH Global - The Global Experiential Agency,
860,Mechanical or Industrial Engineerin,Manufacturing
638,Mechanical or Industrial Engineering,Manufacturing
794,Mechanical Or Industrial Engineering,Manufacturing
1375,Mechanical or industrial engineering,Manufacturing
1152,"Mechanical or Industrial Engineering   Metaxourgeio, Athens, Attica",Manufacturing
2214,Media,Video & Multimedia
715,Media Production,Video & Multimedia
1584,MediaCom,
2000,Mediaschneider AG,
798,Medical Device,Healthсare
639,Medical Devices,Healthсare
1345,medical devices,Healthсare
1418,Medical equipment,Healthсare
989,Medical facilities,Healthсare
658,Medical Practice,Healthсare
1423,Medical practice,Healthсare
901,Medienproduktion,Healthсare
1314,Medizin & Gesundheitswesen,Healthсare
1342,Medizinische Praxis,Healthсare
2028,Medizinonline.ch,
900,Medizinprodukte,Healthсare
1373,Medizinprodukten,Healthсare
1867,Medyria,
1888,Melonport AG,
751,Mental Health Care,Healthсare
2227,mental health care,Healthсare
1530,MetaDesign,Design
1540,"Mettler-Toledo International, Inc",
1763,mia Engiadina,
1847,Mibelle Group,
1821,Microsoft,
1685,midix.com,
1571,MIK Group,
808,Military,Military
1396,Military establishment,Military
637,Mining & Metals,Mining & Metals
1840,Misys,
1472,Möbelindustrie,Mining & Metals
1295,Mobility,
1796,mobit ag,
1816,modum.io AG,
1475,Moncton,
1913,MondayCoffee,
1479,"Mons, Hainaut",
1991,Mont-Fort Funds AG,
1704,Montana Sport International AG,
1477,"Montferrier-sur-lez, Occitanie",
1232,Morges,
867,Motion Pictures & Film,Video & Multimedia
819,Motion Pictures and Film,Video & Multimedia
975,Motorcycles,Automotive
1195,Mövenpick Hotels,Travel & Hospitality
804,Moy Park,
1185,Multigraf AG,
1115,Museums & Institutions,Arts and Crafts
817,Museums and Institutions,Arts and Crafts
775,Music,Arts and Crafts
2142,Musik,Arts and Crafts
1633,myLucy AG,
1583,Nagra,
1841,Nanoly Bioscience,Biotechnology
1340,Nanotechnologien,Electrical/Electronic Manufacturing
803,Nanotechnology,Electrical/Electronic Manufacturing
1995,NearShore GmbH,
2031,NEBION AG,
1945,Nelly Bösch Computer,
1881,neon,
979,Nesher,
1727,Netcetera - Software matters,
1826,Netcloud AG,
1128,Networking,Information Technology and Services
1261,Neuchâtel,
1228,"Neuchâtel Area, Switzerland",
1922,Nevada Copper Corp,
763,Newspapers,Newspapers/Magazines/Publishing
1495,Nexiot AG,
2238,nformation Technology & Services,Information Technology and Services
768,nformation Technology and Services,Information Technology and Services
1895,Nikama AG,
1754,Nobel Biocare,
1179,Nomoko,
1548,Nomura Bank (Switzerland) Ltd,
854,Non-profit Organization Management,Civic & Social Organization
2237,Non-Profit Organization Management,Civic & Social Organization
665,Nonprofit Organization Management,Civic & Social Organization
2110,novalink,
1837,Novelis,
1168,Novo Nordisk,
1877,nudgeIT,
1903,numab.com,
1733,Numbrs Personal Finance AG,
1236,Nyon,
1681,Nyrstar,
2037,OBC Suisse AG,
1629,Obersee Bilingual School,
1166,Odlo,
1205,Oetiker Group,
1766,Ogilvy & Mather,
633,Oil & Energy,Oil & Energy
884,Öl & Energie,Oil & Energy
2064,oldbach Group AG,
2034,ONE Insurance Ltd.,
1858,oneclick AG,
1609,Oneconsult AG,
1908,oneresource ag,
1188,oneservice,
1008,Online Accounting Service,Financial Services
673,Online Media,Video & Multimedia
913,Online media,Video & Multimedia
1348,Online Medien,Video & Multimedia
844,Online Publishing,Newspapers/Magazines/Publishing
995,Online shops,Retail & E-Commerce
974,Online stores,Retail & E-Commerce
1978,Ontrex AG,
1849,Open Systems AG,
1701,Ophthorobotics AG,
1791,Optibelt AG,
1949,Origammi,
1138,"Oslo, Oslo",
1389,Oslofjord Convention Center,
963,Other activities,Consumer Services
933,Other cleaning services,Consumer Services
939,Other construction installation works,Construction
950,Other recreational activities,"Health, Wellness and Fitness"
2153,Outsourcing,Information Technology and Services
640,Outsourcing/Offshoring,Information Technology and Services
1382,OutsourcingOffshoring,Information Technology and Services
2022,Oxidian GmbH,
779,Package/Freight Delivery,Logistics and Supply Chain
997,Packaging,Logistics and Supply Chain
802,Packaging & Containers,Logistics and Supply Chain
669,Packaging and Containers,Logistics and Supply Chain
1411,Packaging and containers,Logistics and Supply Chain
1612,Palmarium,
2016,PANOLIN AG,
773,Paper & Forest Products,Manufacturing
1036,Papierherstellung & Holzverarbeitung,Manufacturing
1814,Partner & Partner AG,
1517,PartnerRe,
1780,Partners Group,
1654,passbrains.com,
1710,Paul Scherrer Institut PSI,
2059,Peach Property Group AG,
659,Performing Arts,
1215,Persante Health Care,Healthсare
1347,Personalwesen und Personalbeschaffung,Staffing and Recruiting
1662,Perspectix AG,
1882,Pexapark,
1351,Pharmaceutical,Healthсare
1149,Pharmaceutical industry,Healthсare
621,Pharmaceuticals,Healthсare
2224,pharmaceuticals,Healthсare
1218,Pharmazeutika,Healthсare
818,Philanthropy,Civic & Social Organization
1801,Phonak,
934,Photographic activities,Arts and Crafts
825,Photography,Arts and Crafts
1786,Photonfocus AG,
1850,Pilatus Aircraft Ltd,
1688,Ping Communication Group,
1161,Pintail Ventures AG,
1640,pixelmolkerei ag,
2141,Plastic,Manufacturing
795,Plastics,Manufacturing
1539,Plexim,
1871,Pointbreak Events,Events Services
813,Political Organization,Civic & Social Organization
1397,Polymer industry,Manufacturing
1545,Polymetrix AG,
1957,POLYNOVA Group Ltd.,
1263,Préverenges VD,
1831,Price f(x),
1245,Prilly,
1240,"Prilly, Switzerland",
1072,Primary/Secondary,Education Institutions
786,Primary/Secondary Education,Education Institutions
1589,print-scrn solutions gmbh,
1198,Printcolor Screen AG,
1428,Printed matter,Newspapers/Magazines/Publishing
628,Printing,Newspapers/Magazines/Publishing
1146,Privately Held,Retail & E-Commerce
2223,privately held,Retail & E-Commerce
868,Production,Manufacturing
924,production,Manufacturing
1458,Production automation,Manufacturing
1872,Production Resource Group AG,
1430,Professional and continuing education,Education Institutions
894,Professional Training,Education Institutions
810,Professional Training & Coaching,Education Institutions
1357,Professionelles Training & Coaching,Education Institutions
2066,progile GmbH,
814,Program Development,Information Technology and Services
1333,Programmentwicklung,Information Technology and Services
1435,programski sistem,Information Technology and Services
2090,promaFox AG,
1646,PROMATIS Group,
1933,Prontophot Schweiz AG,
1277,Proptech,Real Estate
1292,PropTech,Real Estate
1979,Protect7 GmbH,
1132,Protection,Security
1771,"PTC Therapeutics, Inc.",
2173,Public Company,Civic & Social Organization
783,Public Policy,Civic & Social Organization
893,Public Relations,Civic & Social Organization
838,Public Relations & Communications,Civic & Social Organization
811,Public Relations and Communications,Civic & Social Organization
752,Public Safety,Security
1863,Publicis Communications Schweiz AG,
769,Publishing,Newspapers/Magazines/Publishing
928,publishing,Newspapers/Magazines/Publishing
2175,Publishing   Athens,
1598,Pure Foods AG,
1075,"Pylaia, Thessaloniki",
1729,Q_PERIOR,
1785,QACube,
1663,QBO Coffee GmbH,
1659,Qnamic AG,
1619,Qnective AG,
1711,Quadrix AG,
1167,Qualitech AG,
1544,"Quantitative Software Management, Inc.",
1954,Rackspace,
2106,Raditec Medical AG,
1716,RAHN-Group,
642,Railroad Manufacture,Manufacturing
1003,Ranching,Farming
2045,Randstad Switzerland,
1713,rasia,
1604,rateklix.com,
1998,Rauscher & Stoecklin AG,
675,Real Estate,Real Estate
929,Real estate,Real Estate
942,real estate,Real Estate
1508,RECORE,Legal Services
1488,Recreational,Events Services
796,Recreational Facilities & Services,Events Services
829,Recreational Facilities and Services,Events Services
999,Recruiting,Staffing and Recruiting
2194,Recruitment,Staffing and Recruiting
1170,Red Hat,Staffing and Recruiting
1666,Refind,Manufacturing
1643,Reflection Marketing AG,
1246,"Région de Basel, Suisse",
1262,"Région de Lausanne , Suisse",
1229,"Région de Lausanne, Suisse",
1555,Regus,
2026,relario AG,
1462,Relaxation,"Health, Wellness and Fitness"
718,Religious Institutions,Religious Institutions
1225,Renens,
1238,"Renens VD, Canton de Vaud, Suisse",
1253,"Renens, Vaud, Switzerland",
1080,Renewables,Oil & Energy
648,Renewables & Environment,Oil & Energy
917,Renting and leasing,Financial Services
1929,RepRisk AG,
620,Research,Research
1313,research,Research
2033,Resource Group,Research
815,Restaurants,Food & Beverages
682,Retail,Retail & E-Commerce
1422,Retail trade,Retail & E-Commerce
1875,retailsolutions AG,
2009,Reuters,Staffing and Recruiting
1775,Ripple Effect,
1317,Risikokapital & privates Eigenkapital,Financial Services
1543,RobecoSAM,
1288,Robotics,Electrical/Electronic Manufacturing
938,rofessional Training & Coaching,Education Institutions
1257,Rolle,
1250,"Rolle, Canton de Vaud, Suisse",
2130,"Rotherham, South Yorkshire, United Kingdom",
1634,rqmicro AG,
1577,RUAG Aviation,
1904,RUAG Space,
1222,Rundfunkmedien,Newspapers/Magazines/Publishing
1112,SaaS,Information Technology and Services
2113,safe digitization,Security
2125,"Saint George, Utah",
1006,"Sales, Marketing",Marketing and Advertising
2129,"Salisbury, Maryland",
2104,Sallfort Privatbank AG,
2126,"San Jose, California",
1680,SBB CFF FFS,
1943,Schaefer AG,
1951,Scheer GmbH,
1958,Schindler Elevator,
1696,Schindler Group,
1201,Schroder Adveq,
1509,Schuler Auktionen AG,
1885,Sciabarra.com,
2062,ScienceMatters,Research
1573,SCOR,
1944,se-Lightmanagement AG,
2131,"Seaford, Delaware",
2124,"Seattle, Washington",
2168,Security,Security
792,Security & Investigations,Security
757,Security and Investigations,Security
1439,security and investigations,Security
965,Security services,Security
1546,Securosys SA,
1308,Seefahrt,
1956,Sekisui Alveo,
1492,Selfnation,
647,Semiconductors,Manufacturing
1309,semiconductors,Electrical/Electronic Manufacturing
1635,Sennheiser,
1889,Sensirion,
2225,Seodaemun-gu,
1267,Serge Rigori,
1866,SES Satellites,
1200,Sevitec Informatik AG,
1783,sfb Bildungszentrum,
1641,SharesInside Ltd,
2123,"Sheffield, South Yorkshire, United Kingdom",
2122,"Sheffield, United Kingdom",
1901,Shell,
827,Shipbuilding,Manufacturing
1436,"Shipbuilding,",Manufacturing
1745,Shire,
1025,Shopping & Retail,Retail & E-Commerce
1197,shrebo,
1341,Sicherheit und Ermittlungen,Security
1698,SIGEMA GROUP,
1645,SIGVARIS GROUP,
1611,sileno,
1803,Simplificator AG,
1940,Six Sigma Tools AG,
2085,SKF Actuation System (Liestal),
1948,SkillSonics Group,
896,Slovak Republic,
1199,SMG Global Haiti,
1639,SMT Energy AG,
1601,Snipp Interactive,
1506,snowflake productions GmbH,
1603,SOBRADO Software AG,
1413,Social assistance and protection,Civic & Social Organization
1280,SocialTech,
1294,Socialtech,
1969,"Socket Mobile, Inc.",
1391,Software,Information Technology and Services
1412,software,Information Technology and Services
1829,"Solera, Inc.",
1702,Sonova Group,
1425,Sooftware,Information Technology and Services
1861,Sorell Hotel Seidenhof,
2127,"South Australia, Australia",
1912,South Pole,
2128,"Southington, Connecticut",
1550,SP Schweiz,
980,Spa & Saunas,"Health, Wellness and Fitness"
1293,SpaceTech,Airlines/Aviation/Aerospace
1781,SPB TV,
1533,Spectando,
1906,Spektra Netcom AG,
2146,Spiele & Casinos,Gambling
1966,spol,
1110,Sport,Sports
681,Sporting Goods,Sports
631,Sports,Sports
1085,Sporttotal AG,
1473,Sportware,Sports
1302,Sportwaren,Sports
1667,Squirro,
2070,squirro,
1898,SR Technics Group,
2075,SRF - Schweizer Radio und Fernsehen,
2182,Staatliche und soziale Organisation,Civic & Social Organization
1364,Staatsverwaltung,Military
839,Staffing & Recruiting,Staffing and Recruiting
656,Staffing and Recruiting,Staffing and Recruiting
1410,Staffing and recruitment,Staffing and Recruiting
1946,Stailamedia AG,
1615,Stallergenes Greer,
1164,Stamford Group,
1810,STARK eSports,
1176,Starticket AG,
1891,Startzentrum Zürich Genossenschaft,
1703,State Street,
1730,Steiner AG,
1950,Steiner Investment Foundation,Financial Services
1518,STOBAG AG,
1103,"Stockholm, Sweden",
1743,Stokke AS,
1994,Strategem AG,
1216,Strategic Partnerships,Financial Services
1865,Strategyn,Financial Services
1767,Streamer Electric AG,
1093,Streamr,
1708,Sudler & Hennessey,
1582,Suisse Technology Partners Ltd,
1857,SuitArt,
1719,Sulzer,
1163,Sunrise Communications AG,
646,Supermarkets,Retail & E-Commerce
1677,Supravision AG,
1684,SUSI Partners AG,
1751,SWiBi AG,
2041,swip.world,
1576,Swiss Deluxe Hotels,
1651,Swiss Global Jet Management Ltd.,
2074,Swiss Impulse Group Inc,
1993,swiss international advisory group ag,
1817,Swiss International Air Lines,
1772,Swiss Leaders Group,
1926,Swiss Life AG,
1928,Swiss POS Marketing GmbH,
2083,SWISS4WARD,
2017,Swissbit AG,
2005,Swisscontact worldwide,
2109,Swissgrid AG,
1709,Swisslog Warehouse,
1778,Swissôtel Zurich,
1203,SwissQ Consulting AG,
1547,SWITCH (Switzerland),
1234,Switzerland,
1256,Switzerland / Poland,
1660,Switzerland Global Enterprise,
1974,Symotech AG,
2161,System Automation,
1823,SYZ AG Informatik,
1860,taffcloud,
1174,Takeda,
2105,Talentory,
959,"Tallinn, Harjumaa",
958,"Tallinn, Tallinn",
1728,Taltek Systems,
1818,TBWA\ Switzerland AG,
2053,TCC,
1526,Teads.tv,
1820,Tecan,
1707,Tech Data,Information Technology and Services
1670,Teleclub AG,
641,Telecommunications,Telecommunications
2180,Telecommunicatios,Telecommunications
2087,Teleinformatik Services AG,Telecommunications
1033,Telekommunikation,Telecommunications
1723,Teletrend AG,
1394,Television and radio,Telecommunications
1935,Tellco AG,
1380,Temporary employment agency,Staffing and Recruiting
1756,Terex Corporation,
1828,Terrazzofino (Schweiz) AG,
2108,Tesedi Schweiz GmbH,
1194,TestingTime AG,
1474,Textile industry,Manufacturing
812,Textiles,Manufacturing
1370,Textilien,Manufacturing
2051,TGW Logistics Group,
1042,The Adecco Group,
1648,The AI Company LLC,
1845,The Dolder Grand,
1460,The property,Real Estate
2101,The Relevent Collective AG,
1424,The restaurant business,Real Estate
2204,Theatre and the Library,Arts and Crafts
1153,Thessaloniki,
1183,THIELMANN,
821,Think Tanks,
1819,Thomson Reuters,
2060,ti&m AG,
828,Tobacco,Manufacturing
2006,Tradedoubler,
1510,Traffective GmbH,
1962,Trafo Baden. Die Eventlocation.,
1155,Training,Sports
887,Translation & Localization,Logistics and Supply Chain
820,Translation and Localization,Logistics and Supply Chain
946,transport,Logistics and Supply Chain
1360,Transport,Logistics and Supply Chain
1329,Transport/Trucking/Eisenbahn,Logistics and Supply Chain
911,Transportation,Logistics and Supply Chain
644,Transportation/Trucking/Railroad,Logistics and Supply Chain
2187,transportation/trucking/railroad,Logistics and Supply Chain
663,Transportation/Trucking/Railroad Wilmerding,Logistics and Supply Chain
1005,Travel,Travel & Hospitality
1443,"Travel, tourism and leisure",Travel & Hospitality
957,Traveling,Travel & Hospitality
1084,Tricom Technology Solutions,
1794,Triumph International,
2156,Troubleshooting,Information Technology and Services
1758,Tschudi Software Technology GmbH,
2080,Twelve Capital,
2144,Übersetzung und Lokalisierung,Logistics and Supply Chain
2162,Ubuntu,
1581,Ultrasun at Ultrasun AG,
1325,Umweltdienstleistungen,Oil & Energy
1497,Unify,
1165,Unilever,
1804,uniqFEED AG,
2185,United Arab Emirates,
1653,UNITY,
1154,University,Education Institutions
1739,Uniworld Boutique River Cruise Collection,
1358,Unterhaltung,Events Services
1316,Unterhaltungselektronik,Consumer Goods
1304,Unternehmensberatung,Consumer Goods
1910,UPGREAT AG,
2084,Usable Brands AG,
1134,User Experience,Design
664,Utilities,Utilities
1505,Valartis Group,
2048,Valucor,
2095,Vascular Medical,Healthсare
876,Venture Capital,Finance/Fintech
2236,Venture Capital & Private Equit,Finance/Fintech
684,Venture Capital & Private Equity,Finance/Fintech
2029,Venturelab,
2046,Veritas Technologies LLC,
1335,Verlagswesen,Newspapers/Magazines/Publishing
1353,Verpackung und Container,Manufacturing
1009,Versicherung,Insurance
1594,Versilia Solutions Ltd,
1237,Versoix,
1248,"Versoix, Canton de Genève, Suisse",
1354,Versorgungsunternehmen,Utilities
2177,Verteidigung & Weltraum,Airlines/Aviation/Aerospace
2183,Veterinär,Healthсare
842,Veterinary,Healthсare
1674,VetWelding AG,
2093,Vicara Infotech Group AG,
1848,Victorinox AG,
1039,Vienna,
1078,Villanueva de Gállego,
1224,"Ville de Pully, Direction des travaux et des services industriels",
1566,virometix,
2013,Virtido,
1556,VISIONAPARTMENTS,
2239,VoIP,
2024,Volpi AG,
1911,Vontobel Swiss Wealth Advisors AG,
1537,VP Bank AG,
1377,Vroomshoop,
2043,W4 Marketing meets IT,
1489,Wake Forest,Manufacturing
2002,Walde & Partner Immobilien AG,
1930,Walder Wyss Ltd.,
824,Warehousing,Information Technology and Services
1757,Wärtsilä,
1578,Wavetech,
1512,Wavetech AG,
951,Web portals,Information Technology and Services
1007,Web-development,Computer Software
840,Website http://www.consultusmena.com Industry Management Consulting,
1082,WebsiteComputer Software,Events Services
2178,Websitehttps://www.bn1.it/Industry,
2018,Weissmaler GmbH,
2166,"Wellness and Fitness""","Health, Wellness and Fitness"
1712,Wetrok AG,
1056,Wholesal,Wholesale
756,Wholesale,Wholesale
936,wholesale,Wholesale
1374,Wholesalec,Wholesale
1997,Widex,
1992,Wilmaa AG,
870,Wine & Spirits,Food & Beverages
761,Wine and Spirits,Food & Beverages
1490,Wingtra,
1721,Winterthur Gas & Diesel Ltd.,
1541,Winterthur Instruments,
651,Wireless,
1519,Wire™,
1623,WizWash,
1602,Wondersign,
1793,Woodman Asset Management AG,
2165,Workstations,
1694,World-Architects.com,
977,Writing & Editing,Newspapers/Magazines/Publishing
782,Writing and Editing,Newspapers/Magazines/Publishing
2069,wtv.,
2057,WWF Switzerland,
1558,X-Rite,
1599,Xaxis,
1970,Xerox Schweiz AG,
1964,XSPERA,
1043,Y&R Group Switzerland,
2132,"Yokohama, Kanagawa, Japan",
1588,Yourposition AG,
2021,Yuneec Research (Advanced Technology Labs AG),
1230,Yverdon,
1259,Yverdon-les-Bains,
1266,Yverdon-les-bains,
1919,Zehnder Group International AG,
1916,zehnplus GmbH,
1323,Zeitungen,Newspapers/Magazines/Publishing
1797,Zeppelin International AG,
1963,ZHAW School of Management and Law,
1187,Zimmer Biomet,
1642,Zippsafe AG,
1868,Zulu Republic,
2077,Zumtobel Group,
1864,Zur Rose Group,
1732,Zürcher Kantonalbank,
1231,"Zürich Area, Switzerland",
1691,Zurich Instruments AG,
1631,Zurich Marriott Hotel,
1673,ZuriMED Technologies AG,